Date,BFP ,Fuel tax ,Customs &excise ,Equalization fund levy ,Road accident fund ,Transport cost ,Petroleum Products levy,Wholesale margin ,Secondary Storage,Secondary distribution,Retail margin ,Slate levy ,Delivery cost,DSML,Incremental inland transposrt recovery cost
7/1/26,1307.13,429,4,0,225,91.1,0.33,66.5,39,19.1,315.1,113.94,0,0,0
6/1/26,1609.33,279,4,0,225,91.1,0.33,66.5,39,19.1,315.1,157.74,0,0,0
5/1/26,1651.37,129,4,0,225,91.1,0.33,66.5,39,19.1,315.1,122.7,0,0,0
4/1/26,1447.17,129,4,0,225,91.1,0.33,66.5,39,19.1,315.1,0,0,0,0
3/1/26,866.17,415,4,0,218,87.1,0.33,66.5,39,19.1,315.1,0,0,0,0
2/1/26,846.17,415,4,0,218,87.1,0.33,66.5,39,19.1,315.1,0,0,0,0
1/1/26,911.17,415,4,0,218,87.1,0.33,66.5,39,19.1,315.1,0,0,0,0
12/1/25,977.17,415,4,0,218,87.1,0.33,66.5,39,19.1,315.1,0,0,0,0
11/1/25,951.77,415,4,0,218,87.1,0.33,73.7,38,18.8,305.6,0,0,0,0
10/1/25,1002.77,415,4,0,218,87.1,0.33,73.7,38,18.8,305.6,0,0,0,0
9/1/25,1000.87,415,4,0,218,87.1,0.33,73.7,38,18.8,299.5,0,0,0,0
8/1/25,1004.87,415,4,0,218,87.1,0.33,73.7,38,18.8,299.5,0,0,0,0
7/1/25,1032.87,415,4,0,218,87.1,0.33,73.7,38,18.8,299.5,0,0,0,0
6/1/25,980.87,415,4,0,218,87.1,0.33,73.7,38,18.8,299.5,0,0,0,0
5/1/25,1001.87,399,4,0,218,87,0.33,73.7,38,18.8,299.5,0,0,0,0
4/1/25,1023.87,399,4,0,218,87,0.33,73.7,38,18.8,299.5,0,0,0,0
3/1/25,1102.87,396,4,0,218,82.8,0.33,73.7,38,18.8,299.5,0,0,0,0
2/1/25,1109.87,396,4,0,218,82.8,0.33,73.7,38,18.8,299.5,0,0,0,0
1/1/25,1027.87,396,4,0,218,82.8,0.33,73.7,38,18.8,299.5,0,0,0,0
12/1/24,1015.67,396,4,0,218,82.8,0.33,73.7,38,18.8,299.5,0,0,0,0
11/1/24,1024.739,396,4,0,218,82.800 ,0.330 ,69.800 ,36.600 ,17.200 ,291,0,0,0,0
10/1/24,989.07,396.000 ,4.000 ,0.000 ,218.000 ,82.800 ,0.330 ,69.800 ,36.600 ,17.200 ,291,0,0,0,0
9/1/24,1103.27,396.000 ,4.000 ,0.000 ,218.000 ,82.800 ,0.330 ,69.800 ,36.600 ,17.200 ,291,0,0,0,0
8/1/24,1200.57,396.000 ,4.000 ,0.000 ,218.000 ,82.800 ,0.330 ,69.800 ,36.600 ,17.200 ,285.700 ,0,0,0,0
7/1/24,1215.570 ,396.000 ,4.000 ,0.000 ,218.000 ,82.800 ,0.330 ,69.800 ,36.600 ,17.200 ,285.700 ,4.38 ,0,0,0
6/1/24,1310.190 ,396.000 ,4.000 ,0.000 ,218.000 ,82.800 ,0.330 ,69.800 ,36.600 ,17.200 ,285.700 ,4.38 ,0,0,0
5/1/24,1416.650 ,396.000 ,4.000 ,0.000 ,218.000 ,82.800 ,0.330 ,69.800 ,36.600 ,17.200 ,285.700 ,21.92 ,0,0,0
4/1/24,1379.650 ,396.000 ,4.000 ,0.000 ,218.000 ,82.800 ,0.330 ,69.800 ,36.600 ,17.200 ,285.700 ,21.92 ,0,0,0
3/1/24,1343.070 ,395.000 ,4.000 ,0.000 ,218.000 ,75.700 ,0.330 ,69.800 ,36.600 ,17.200 ,285.700 ,0.000 ,0,0,0
2/1/24,1221.870 ,395.000 ,4.000 ,0.000 ,218.000 ,75.700 ,0.330 ,69.800 ,36.600 ,17.200 ,285.700 ,0.000 ,0,0,0
1/1/24,1146.870 ,395.000 ,4.000 ,0.000 ,218.000 ,75.700 ,0.330 ,69.800 ,36.600 ,17.200 ,285.700 ,0.000 ,0,0,0
12/1/23,1196.550 ,395.000 ,4.000 ,0.000 ,218.000 ,75.700 ,0.330 ,69.800 ,36.600 ,17.200 ,285.700 ,26.32 ,0,0,0
11/1/23,1295.350 ,395.000 ,4.000 ,0.000 ,218.000 ,75.700 ,0.330 ,56.600 ,28.800 ,16.900 ,246.900 ,52.62 ,0,0,0
10/1/23,1495.270 ,395.000 ,4.000 ,0.000 ,218.000 ,75.700 ,0.330 ,56.600 ,28.800 ,16.900 ,246.900 ,30.70 ,0,0,0
9/1/23,1411.970 ,395.000 ,4.000 ,0.000 ,218.000 ,75.700 ,0.330 ,56.600 ,28.800 ,16.900 ,246.900 ,0.00 ,0,0,0
8/1/23,1245.970 ,395.000 ,4.000 ,0.000 ,218.000 ,75.700 ,0.330 ,56.600 ,28.800 ,16.900 ,241.900 ,0.00 ,0,0,0
7/1/23,1208.970 ,395.000 ,4.000 ,0.000 ,218.000 ,75.700 ,0.330 ,56.600 ,28.800 ,16.900 ,241.900 ,0.00 ,0,0,0
6/1/23,1225.970 ,395.000 ,4.000 ,0.000 ,218.000 ,75.700 ,0.330 ,56.600 ,28.800 ,16.900 ,241.900 ,0.00 ,0,0,0
5/1/23,1295.970 ,396.000 ,4.000 ,0.000 ,218.000 ,75.700 ,0.330 ,56.600 ,28.800 ,16.900 ,241.900 ,0.00 ,0,0,0
4/1/23,1243.430 ,394.000 ,4.000 ,0.000 ,218.000 ,75.700 ,0.330 ,56.600 ,28.800 ,16.900 ,241.900 ,17.54 ,0,0,0
3/1/23,1244.850 ,394.000 ,4.000 ,0.000 ,218.000 ,67.900 ,0.330 ,56.600 ,28.800 ,16.900 ,241.900 ,21.92 ,0,0,0
2/1/23,1122.230 ,394.000 ,4.000 ,0.000 ,218.000 ,67.900 ,0.330 ,56.600 ,28.800 ,16.900 ,241.900 ,17.54 ,0,0,0
1/1/23,1050.390 ,394.000 ,4.000 ,0.000 ,218.000 ,67.900 ,0.330 ,56.600 ,28.800 ,16.900 ,241.900 ,61.38 ,0,0,0
12/1/22,1234.490 ,394.00 ,4.000 ,0.000 ,218.000 ,67.90 ,0.330 ,56.600 ,28.800 ,16.900 ,241.900 ,83.28 ,0.000 ,0,0
11/1/22,1209.890 ,394.00 ,4.000 ,0.000 ,218.000 ,67.90 ,0.330 ,45.500 ,30.700 ,17.940 ,228.800 ,70.14 ,0.000 ,0,0
10/1/22,1145.750 ,394.00 ,4.000 ,0.000 ,218.000 ,67.90 ,0.330 ,45.500 ,30.700 ,17.940 ,228.800 ,83.28 ,0.000 ,0,0
9/1/22,1247.750 ,394.00 ,4.000 ,0.000 ,218.000 ,67.90 ,0.330 ,45.500 ,30.700 ,17.940 ,228.800 ,83.28 ,0.000 ,0,0
8/1/22,1482.410 ,394.00 ,4.000 ,0.000 ,218.000 ,67.90 ,0.330 ,45.500 ,30.700 ,17.940 ,228.800 ,52.62 ,0.000 ,0,0
7/1/22,1689.410 ,319.00 ,4.000 ,0.000 ,218.000 ,67.90 ,0.330 ,45.500 ,30.700 ,17.940 ,228.800 ,52.62 ,0.000 ,0,0
6/1/22,1507.410 ,244.00 ,4.000 ,0.000 ,218.000 ,67.90 ,0.330 ,45.500 ,30.700 ,17.940 ,228.800 ,52.62 ,0.000 ,0,0
5/1/22,1264.410 ,244.00 ,4.000 ,0.000 ,218.000 ,67.90 ,0.330 ,45.500 ,30.700 ,17.940 ,228.800 ,52.62 ,0.000 ,10,0
4/1/22,1278.710 ,244.00 ,4.000 ,0.000 ,218.000 ,64.900 ,0.330 ,45.500 ,30.700 ,17.940 ,228.800 ,52.62 ,0.000 ,10,0
3/1/22,1100.270 ,393.00 ,4.000 ,0.000 ,218.000 ,64.900 ,0.330 ,45.500 ,30.700 ,17.940 ,228.800 ,46.06 ,0.000 ,10,0
2/1/22,969.630 ,393.00 ,4.000 ,0.000 ,218.000 ,64.900 ,0.330 ,45.500 ,30.700 ,17.940 ,228.800 ,30.70 ,0.000 ,10,0
1/1/22,903.470 ,393.00 ,4.000 ,0.000 ,218.000 ,64.900 ,0.330 ,45.500 ,30.700 ,17.940 ,228.800 ,43.86 ,0.000 ,10,0
12/1/21,973.970 ,393.00 ,4.000 ,0.000 ,218.000 ,64.900 ,0.330 ,45.500 ,30.700 ,17.940 ,228.800 ,41.66 ,0.000 ,10,0
11/1/21,937.110 ,393.00 ,4.000 ,0.000 ,218.000 ,64.900 ,0.330 ,40.500 ,27.200 ,15.800 ,221.600 ,15.36 ,0.000 ,10,0
10/1/21,818.310 ,393.00 ,4.000 ,0.000 ,218.000 ,64.900 ,0.330 ,40.500 ,27.200 ,15.800 ,221.600 ,13.16 ,0.000 ,10,0
9/1/21,817.110 ,393.00 ,4.000 ,0.000 ,218.000 ,64.900 ,0.330 ,40.500 ,27.200 ,15.800 ,221.600 ,15.36 ,0.000 ,10,0
8/1/21,827.590 ,393.00 ,4.000 ,0.000 ,218.000 ,64.900 ,0.330 ,40.500 ,27.200 ,15.800 ,221.600 ,6.58 ,0.000 ,10,0
7/1/21,743.170 ,393.00 ,4.000 ,0.000 ,218.000 ,64.900 ,0.330 ,40.500 ,27.200 ,15.800 ,221.600 ,0.00 ,0.000 ,10,0
6/1/21,717.170 ,393.00 ,4.000 ,0.000 ,218.000 ,64.900 ,0.330 ,40.500 ,27.200 ,15.800 ,221.600 ,0.00 ,0.000 ,10,0
5/1/21,727.170 ,393.00 ,4.000 ,0.000 ,218.000 ,64.900 ,0.330 ,40.500 ,27.200 ,15.800 ,221.600 ,0.00 ,0.000 ,10,0
4/1/21,736.170 ,393.000 ,4.000 ,0.000 ,218.000 ,64.900 ,0.330 ,40.500 ,27.200 ,15.800 ,221.600 ,0.00 ,0.000 ,10,0
3/1/21,658.170 ,377.000 ,4.000 ,0.000 ,207.000 ,63.700 ,0.330 ,40.500 ,27.200 ,15.800 ,221.600 ,0.00 ,0.000 ,10,0
2/1/21,600.170 ,377.000 ,4.000 ,0.000 ,207.000 ,63.700 ,0.330 ,40.500 ,27.200 ,15.800 ,221.600 ,0.00 ,0.000 ,10,0
1/1/21,519.170 ,377.000 ,4.000 ,0.000 ,207.000 ,63.700 ,0.330 ,40.500 ,27.200 ,15.800 ,221.600 ,0.00 ,0.000 ,10,0
12/1/20,479.170 ,377.000 ,4.000 ,0.000 ,207.000 ,63.700 ,0.330 ,40.5 ,27.20 ,15.800 ,221.900 ,0.00 ,0.000 ,10,0
11/1/20,506.470 ,377.000 ,4.000 ,0.000 ,207.000 ,63.700 ,0.330 ,35.7 ,23.00 ,15.200 ,216.900 ,0.00 ,0.000 ,10,0
10/1/20,533.477 ,377.000 ,4.000 ,0.000 ,207.000 ,63.700 ,0.330 ,35.7 ,23.00 ,15.200 ,216.900 ,0.00 ,0.000 ,10,0
9/1/20,565.470 ,377.000 ,4.000 ,0.000 ,207.000 ,63.700 ,0.330 ,35.7 ,23.00 ,15.200 ,216.900 ,0.00 ,0.000 ,10,0
8/1/20,569.770 ,377.000 ,4.000 ,0.000 ,207.000 ,63.700 ,0.330 ,35.7 ,23.00 ,15.200 ,211.600 ,0.00 ,0.000 ,10,0
7/1/20,564.770 ,377.000 ,4.000 ,0.000 ,207.000 ,63.700 ,0.330 ,35.7 ,23.00 ,15.200 ,211.600 ,0.00 ,0.000 ,10,0
6/1/20,392.770 ,377.000 ,4.000 ,0.000 ,207.000 ,63.700 ,0.330 ,35.7 ,23.00 ,15.200 ,211.600 ,0.00 ,0.000 ,10,0
5/1/20,274.770 ,377.000 ,4.000 ,0.000 ,207.000 ,63.700 ,0.330 ,35.7 ,23.00 ,15.200 ,211.600 ,0.00 ,0.000 ,10,0
4/1/20,448.670 ,377.000 ,4.000 ,0.000 ,207.000 ,63.700 ,0.330 ,35.7 ,23.00 ,15.200 ,211.600 ,0.00 ,0.000 ,10,0
3/1/20,667.970 ,361.000 ,4.000 ,0.000 ,198.000 ,57.400 ,0.330 ,35.7 ,23.00 ,15.200 ,211.600 ,0.00 ,0.000 ,10,0
2/1/20,686.970 ,361.000 ,4.000 ,0.000 ,198.000 ,57.400 ,0.330 ,35.7 ,23.00 ,15.200 ,211.600 ,0.00 ,0.000 ,10,0
1/1/20,699.970 ,361.000 ,4.000 ,0.000 ,198.000 ,57.400 ,0.330 ,35.7 ,23.00 ,15.200 ,211.600 ,0.00 ,0.000 ,10,0
12/1/19,719.57,361,4.000 ,0.00 ,198.000 ,57.400 ,0.330 ,35.7 ,23.00 ,15.200 ,206,0.00 ,0.00 ,10,0
11/1/19,709.17,361,4.000 ,0.00 ,198.000 ,57.400 ,0.330 ,34.800 ,20.900 ,14.600 ,198.00 ,0.00 ,0.00 ,10,0
10/1/19,722.17,361,4.000 ,0.00 ,198.000 ,57.400 ,0.330 ,34.800 ,20.900 ,14.600 ,198.00 ,0.00 ,0.00 ,10,0
9/1/19,704.17,361,4,0.00 ,198.000 ,57.400 ,0.330 ,34.800 ,20.900 ,14.600 ,198.00 ,0.00 ,0.00 ,10,0
8/1/19,693.17,361,4,0.00 ,198.000 ,57.400 ,0.330 ,34.800 ,20.900 ,14.600 ,198.00 ,0.00 ,0.00 ,10,0
7/1/19,677.79,361,4,0.00 ,198.000 ,57.400 ,0.330 ,34.800 ,20.900 ,14.600 ,198.00 ,4.38,0.00 ,10,0
6/1/19,764.01,361,4,0.00 ,198.000 ,57.400 ,0.330 ,34.800 ,20.900 ,14.600 ,198.00 ,13.16,0.00 ,10,0
5/1/19,777.17,352,4,0.00 ,198.000 ,57.400 ,0.330 ,34.800 ,20.900 ,14.600 ,198.00 ,0.00 ,0.00 ,10,0
4/1/19,723.17,352,4,0.00 ,198.000 ,57.400 ,0.330 ,34.800 ,20.900 ,14.600 ,198.00 ,0.00 ,0.00 ,10,0
3/1/19,617.47,337.000 ,4,0.00 ,193.000 ,51.700 ,0.330 ,34.800 ,20.900 ,14.600 ,198.00 ,0.00 ,0.00 ,10,0
2/1/19,543.47,337.000 ,4,0.00 ,193.000 ,51.700 ,0.330 ,34.800 ,20.900 ,14.600 ,198.00 ,0.00 ,0.00 ,10,0
1/1/19,536.47,337,4,0.00 ,193.000 ,51.700 ,0.330 ,34.800 ,20.900 ,14.600 ,198.00 ,0.00 ,0.00 ,10,0
12/1/18,637.550 ,337.000 ,4.000 ,0.000 ,193.000 ,51.700 ,0.330 ,34.800 ,20.900 ,14.600 ,198.00 ,21.920 ,0.000 ,10,0
11/1/18,829.250 ,337.000 ,4.000 ,0.000 ,193.000 ,51.700 ,0.330 ,34.000 ,18.600 ,15.900 ,192.100 ,21.920 ,0.000 ,10,0
10/1/18,851.170 ,337.000 ,4.000 ,0.000 ,193.000 ,51.700 ,0.330 ,34.000 ,18.600 ,15.900 ,192.100 ,0.000 ,0.000 ,10,0
9/1/18,751.170 ,337.000 ,4.000 ,0.000 ,193.000 ,51.700 ,0.330 ,34.000 ,18.600 ,15.900 ,192.100 ,0.000 ,0.000 ,10,0
8/1/18,751.070 ,337.000 ,4.000 ,0.000 ,193.000 ,51.700 ,0.330 ,34.000 ,18.600 ,15.900 ,187.200 ,0.000 ,0.000 ,10,0
7/1/18,750.930 ,337.000 ,4.000 ,0.000 ,193.000 ,51.700 ,0.330 ,34.000 ,18.600 ,15.900 ,187.200 ,0.000 ,0.000 ,10,0
6/1/18,727.070 ,337.000 ,4.000 ,0.000 ,193.000 ,51.700 ,0.330 ,34.000 ,18.600 ,15.900 ,187.200 ,0.000 ,0.000 ,10,0
5/1/18,645.070 ,337.000 ,4.000 ,0.000 ,193.000 ,51.700 ,0.330 ,34.000 ,18.600 ,15.900 ,187.200 ,0.000 ,0.000 ,10,0
4/1/18,596.070 ,337.000 ,4.000 ,0.000 ,193.000 ,51.700 ,0.330 ,34.000 ,18.600 ,15.900 ,187.200 ,0.000 ,0.000 ,10,0
3/1/18,586.170 ,315.000 ,4.000 ,0.000 ,163.000 ,41.500 ,0.330 ,34.000 ,18.600 ,15.900 ,187.200 ,0.000 ,0.000 ,10,0
2/1/18,622.170 ,315.000 ,4.000 ,0.000 ,163.000 ,41.500 ,0.330 ,34.000 ,18.600 ,15.900 ,187.200 ,0.000 ,0.000 ,10,0
1/1/18,652.170 ,315,4.000 ,0.000 ,163.000 ,41.500 ,0.330 ,34.000 ,18.600 ,15.900 ,187.200 ,0.000 ,0.000 ,10,0
12/1/17,669.170 ,315.000 ,4.000 ,0.000 ,163.000 ,41.500 ,0.330 ,34.000 ,18.600 ,15.900 ,187.200 ,0.000 ,0.000 ,10,0
11/1/17,619.070 ,315.000 ,4.000 ,0.000 ,163.000 ,41.500 ,0.330 ,35.600 ,17.900 ,17.300 ,181.000 ,0.000 ,0.000 ,10,0
10/1/17,615.070 ,315.000 ,4.000 ,0.000 ,163.000 ,41.500 ,0.330 ,35.600 ,17.900 ,17.300 ,181.000 ,0.000 ,0.000 ,10,0
9/1/17,586.070 ,315.000 ,4.000 ,0.000 ,163.000 ,41.500 ,0.330 ,35.600 ,17.900 ,17.300 ,181.000 ,0.000 ,0.000 ,10,0
8/1/17,523.670 ,315.000 ,4.000 ,0.000 ,163.000 ,41.500 ,0.330 ,35.600 ,17.900 ,17.300 ,176.400 ,0.000 ,0.000 ,10,0
7/1/17,504.670 ,315.000 ,4.000 ,0.000 ,163.000 ,41.500 ,0.330 ,35.600 ,17.900 ,17.300 ,176.400 ,0.000 ,0.000 ,10,0
6/1/17,572.670 ,315.000 ,4.000 ,0.000 ,163.000 ,41.500 ,0.330 ,35.600 ,17.900 ,17.300 ,176.400 ,0.000 ,0.000 ,10,0
5/1/17,597.670 ,315.000 ,4.000 ,0.000 ,163.000 ,41.500 ,0.330 ,35.600 ,17.900 ,17.300 ,176.400 ,0.000 ,0.000 ,10,0
4/1/17,548.670 ,315.000 ,4.000 ,0.000 ,163.000 ,41.500 ,0.330 ,35.600 ,17.900 ,17.300 ,176.400 ,0.000 ,0.000 ,10,0
3/1/17,612.870 ,285.000 ,4.000 ,0.000 ,154.00 ,41.000 ,0.330 ,35.600 ,17.900 ,17.300 ,176.400 ,0.000 ,0.000 ,10,0
2/1/17,620.870 ,285.000 ,4.000 ,0.000 ,154.00 ,41.000 ,0.330 ,35.600 ,17.900 ,17.300 ,176.400 ,0.000 ,0.000 ,10,0
1/1/17,591.870 ,285.000 ,4.000 ,0.000 ,154.00 ,41.000 ,0.330 ,35.600 ,17.900 ,17.300 ,176.400 ,0.000 ,0.000 ,10,0
12/1/16,543.87,285.000 ,4.000 ,0.000 ,154.00 ,41.000 ,0.330 ,35.600 ,17.900 ,17.300 ,176.400 ,0.000 ,0.000 ,10,0
11/1/16,583.97,285.000 ,4.000 ,0.000 ,154.00 ,41.000 ,0.330 ,33.200 ,18.500 ,13.700 ,161.700 ,0.000 ,0.000 ,10,0
10/1/16,538.97,285.000 ,4.000 ,0.000 ,154.00 ,41.000 ,0.330 ,33.200 ,18.500 ,13.700 ,161.700 ,0.000 ,0.000 ,10,0
9/1/16,495.97,285.000 ,4.000 ,0.000 ,154.00 ,41.000 ,0.330 ,33.200 ,18.500 ,13.700 ,161.700 ,0.000 ,0.000 ,10,0
8/1/16,513.97,285.000 ,4.000 ,0.000 ,154.00 ,41.000 ,0.330 ,33.200 ,18.500 ,13.700 ,161.700 ,0.000 ,0.000 ,10,0
7/1/16,612.97,285.000 ,4.000 ,0.000 ,154.00 ,41.000 ,0.330 ,33.200 ,18.500 ,13.700 ,161.700 ,0.000 ,0.000 ,10,0
6/1/16,604.97,285.000 ,4.000 ,0.000 ,154.00 ,41.000 ,0.330 ,33.200 ,18.500 ,13.700 ,161.700 ,0.000 ,0.000 ,10,0
5/1/16,552.97,285.000 ,4.000 ,0.000 ,154.00 ,41.000 ,0.330 ,33.200 ,18.500 ,13.700 ,161.700 ,0.000 ,0.000 ,10,0
4/1/16,540.97,285.000 ,4.000 ,0.000 ,154.00 ,41.000 ,0.330 ,33.200 ,18.500 ,13.700 ,161.700 ,0.000 ,0.000 ,10,0
3/1/16,487.97,255.000 ,4.000 ,0.000 ,154.00 ,35.300 ,0.330 ,33.200 ,18.500 ,13.700 ,161.700 ,0.000 ,0.000 ,10,0
2/1/16,556.97,255.000 ,4.000 ,0.000 ,154.00 ,35.300 ,0.330 ,33.200 ,18.500 ,13.700 ,161.700 ,0.000 ,0.000 ,10,0
1/1/16,550.97,255.000 ,4.000 ,0.000 ,154.00 ,35.300 ,0.330 ,33.200 ,18.500 ,13.700 ,161.700 ,0.000 ,0.000 ,10,0
12/1/15,553.970 ,255.000 ,4.000 ,0.000 ,154.00 ,35.300 ,0.330 ,33.200 ,18.500 ,13.700 ,161.700 ,0.000 ,0.000 ,0,0
11/1/15,560.870 ,255.000 ,4.000 ,0.000 ,154.00 ,35.300 ,0.330 ,33.500 ,17.400 ,12.600 ,155.700 ,0.000 ,0.000 ,0,0
10/1/15,582.870 ,255.000 ,4.000 ,0.000 ,154.00 ,35.300 ,0.330 ,33.500 ,17.400 ,12.600 ,155.700 ,0.000 ,0.000 ,0,0
9/1/15,578.870 ,255.000 ,4.000 ,0.000 ,154.00 ,35.300 ,0.330 ,33.500 ,17.400 ,12.600 ,155.700 ,0.000 ,0.000 ,0,0
8/1/15,652.470 ,255.000 ,4.000 ,0.000 ,154.00 ,35.300 ,0.330 ,33.500 ,17.400 ,12.600 ,151.100 ,0.000 ,0.000 ,10,0
7/1/15,703.650 ,255.000 ,4.000 ,0.000 ,154.00 ,35.300 ,0.150 ,33.500 ,17.400 ,12.600 ,151.100 ,0.000 ,0.000 ,10,0
6/1/15,662.650 ,255.000 ,4.000 ,0.000 ,154.00 ,35.300 ,0.150 ,33.500 ,17.400 ,12.600 ,151.100 ,0.000 ,0.000 ,10,0
5/1/15,615.650 ,255.000 ,4.000 ,0.000 ,154.00 ,35.300 ,0.150 ,33.500 ,17.400 ,12.600 ,151.100 ,0.000 ,0.000 ,10,0
4/1/15,615.650 ,255.000 ,4.000 ,0.000 ,154.00 ,35.300 ,0.150 ,33.500 ,17.400 ,12.600 ,151.100 ,0.000 ,0.000 ,10,0
3/1/15,536.250 ,224.500 ,4.000 ,0.000 ,104.00 ,33.100 ,0.150 ,33.500 ,17.400 ,12.600 ,151.100 ,0.000 ,0.000 ,10,0
2/1/15,440.250 ,224.500 ,4.000 ,0.000 ,104.00 ,33.100 ,0.150 ,33.500 ,17.400 ,12.600 ,151.100 ,0.000 ,0.000 ,10,0
1/1/15,533.250 ,224.500 ,4.000 ,0.000 ,104.00 ,33.100 ,0.150 ,33.500 ,17.400 ,12.600 ,151.100 ,0.000 ,0.000 ,10,0
12/1/14,656.250 ,224.500 ,4.000 ,0.00 ,104.00 ,28.90 ,0.150 ,33.50 ,0,0,151.100 ,0.00 ,33.100 ,10 ,3
11/1/14,736.750 ,224.500 ,4.000 ,0.00 ,104.00 ,28.90 ,0.150 ,31.00 ,0,0,143.300 ,0.00 ,33.100 ,10 ,3
10/1/14,781.750 ,224.500 ,4.000 ,0.00 ,104.00 ,28.90 ,0.150 ,31.00 ,0,0,143.300 ,0.00 ,33.100 ,10 ,3
9/1/14,786.750 ,224.500 ,4.000 ,0.00 ,104.00 ,28.90 ,0.150 ,31.00 ,0,0,143.300 ,0.00 ,33.100 ,10 ,3
8/1/14,853.570 ,224.500 ,4.000 ,0.00 ,104.00 ,28.90 ,0.150 ,31.00 ,0,0,139.100 ,4.38 ,33.100 ,10 ,3
7/1/14,857.950 ,224.500 ,4.000 ,0.00 ,104.00 ,28.90 ,0.150 ,31.00 ,0,0,139.100 ,0.00 ,33.100 ,10 ,3
6/1/14,826.950 ,224.500 ,4.000 ,0.00 ,104.00 ,28.90 ,0.150 ,31.00 ,0,0,139.100 ,0.00 ,33.100 ,10 ,3
5/1/14,842.370 ,224.500 ,4.000 ,0.00 ,104.00 ,28.90 ,0.150 ,31.00 ,0,0,139.100 ,6.580 ,33.100 ,10 ,3
4/1/14,848.590 ,224.500 ,4.000 ,0.00 ,104.00 ,28.90 ,0.150 ,31.00 ,0,0,139.100 ,15.360 ,33.100 ,10 ,3
3/1/14,862.790 ,212.500 ,4.000 ,0.00 ,96.00 ,28.90 ,0.150 ,31.00 ,0,0,139.100 ,15.360 ,28.800 ,10 ,3
2/1/14,828.990 ,212.500 ,4.000 ,0.00 ,96.00 ,28.90 ,0.150 ,31.00 ,0,0,139.100 ,13.160 ,28.800 ,10 ,3
1/1/14,792.190 ,212.500 ,4.000 ,0.00 ,96.00 ,28.90 ,0.150 ,31.00 ,0,0,139.100 ,10.960 ,28.800 ,10 ,3
12/1/13,756.370 ,212.500 ,4.000 ,0.00 ,96.00 ,28.90 ,0.150 ,31.00 ,0,0,139.100 ,8.780 ,28.800 ,10,0
11/1/13,746.290 ,212.500 ,4.000 ,0.00 ,96.00 ,28.90 ,0.150 ,58.000 ,0,0,104.100 ,13.160 ,25.500 ,10,0
10/1/13,772.090 ,212.500 ,4.000 ,0.00 ,96.00 ,28.90 ,0.150 ,58.000 ,0,0,104.100 ,15.360 ,25.500 ,10,0
9/1/13,796.990 ,212.500 ,4.000 ,0.00 ,96.00 ,28.90 ,0.150 ,58.000 ,0,0,99.200 ,15.360 ,25.500 ,10,0
8/1/13,799.810 ,212.500 ,4.000 ,0.00 ,96.00 ,28.90 ,0.150 ,58.000 ,0,0,99.200 ,17.54 ,25.500 ,10.0 ,3
7/1/13,778.770 ,212.500 ,4.000 ,0.00 ,96.00 ,28.90 ,0.150 ,58.000 ,0,0,99.200 ,6.580 ,25.500 ,10.0 ,3
6/1/13,696.970 ,212.500 ,4.000 ,0.00 ,96.00 ,28.90 ,0.150 ,58.000 ,0,0,99.200 ,4.380 ,25.500 ,10.0 ,3
5/1/13,693.990 ,212.500 ,4.000 ,0.00 ,96.00 ,28.90 ,0.150 ,58.000 ,0,0,99.200 ,15.360 ,25.500 ,10.0 ,3
4/1/13,760.430 ,212.500 ,4.000 ,0.00 ,96.00 ,28.90 ,0.150 ,58.000 ,0,0,99.200 ,21.920 ,25.500 ,10.0 ,3
3/1/13,784.590 ,197.500 ,4.000 ,0.00 ,88.00 ,26.80 ,0.150 ,58.000 ,0,0,99.200 ,10.960 ,25.500 ,10.0 ,3
2/1/13,707.970 ,197.500 ,4.000 ,0.00 ,88.00 ,26.80 ,0.150 ,58.000 ,0,0,99.200 ,6.580 ,25.500 ,10.0 ,3
1/1/13,664.770 ,197.500 ,4.000 ,0.00 ,88.00 ,26.80 ,0.150 ,58.000 ,0,0,99.200 ,8.780 ,25.500 ,10.0 ,3
12/1/12,673.19,197.500 ,4.000 ,0.00 ,88.00 ,26.8 ,0.150 ,58.000 ,0,0,99.200 ,15.360 ,25.500 ,10,0
11/1/12,696.09,197.500 ,4.000 ,0.00 ,88.00 ,26.80 ,0.150 ,52.5000 ,0,0,95.300 ,15.360 ,21.00 ,10,0
10/1/12,708.29,197.500 ,4.000 ,0.00 ,88.00 ,26.80 ,0.150 ,52.5000 ,0,0,95.300 ,13.160 ,21.00 ,10,0
9/1/12,698.45,197.500 ,4.000 ,0.00 ,88.00 ,26.80 ,0.150 ,52.5000 ,0,0,95.300 ,0.0 ,21.00 ,10,0
8/1/12,608.95,197.500 ,4.000 ,0.00 ,88.00 ,26.80 ,0.150 ,52.5000 ,0,0,91.800 ,0.0 ,21.00 ,10.00 ,3
7/1/12,582.57,197.500 ,4.000 ,0.00 ,88.00 ,26.80 ,0.150 ,52.5000 ,0,0,91.800 ,4.380 ,21.00 ,10.00 ,3
6/1/12,660.99,197.500 ,4.000 ,0.00 ,88.00 ,26.80 ,0.150 ,52.5000 ,0,0,91.800 ,10.960 ,21.00 ,10.00 ,3
5/1/12,718.17,197.500 ,4.000 ,0.00 ,88.00 ,26.80 ,0.150 ,52.5000 ,0,0,91.800 ,8.780 ,21.00 ,10.00 ,3
4/1/12,694.57,197.500 ,4.000 ,0.00 ,88.00 ,26.80 ,0.150 ,52.5000 ,0,0,91.800 ,4.380 ,21.00 ,10.00 ,3
3/1/12,656.17,177.500 ,4.000 ,0.00 ,80.00 ,22.900 ,0.150 ,52.5000 ,0,0,91.800 ,4.380 ,21.00 ,10.00 ,3
2/1/12,632.55,177.500 ,4.000 ,0.00 ,80.00 ,22.900 ,0.150 ,52.5000 ,0,0,91.800 ,0.0 ,21.00 ,10.00 ,3
1/1/12,598.55,177.500 ,4.000 ,0.00 ,80.00 ,22.900 ,0.150 ,52.5000 ,0,0,91.800 ,0.0 ,21.00 ,10.00 ,3
12/1/11,603.55,177.500 ,4.000 ,0.00 ,80.00 ,22.900 ,0.150 ,52.5000 ,0,0,91.8,0.0 ,21.00 ,10.00 ,3
11/1/11,629.149,177.500 ,4.000 ,0.00 ,80.00 ,22.900 ,0.150 ,54.101,0,0,85.2,0.0 ,11.4,10.00 ,3
10/1/11,606.149,177.500 ,4.000 ,0.00 ,80.00 ,22.900 ,0.150 ,54.101,0,0,85.2,0.0 ,11.4,10.00 ,3
9/1/11,574.149,177.500 ,4.000 ,0.00 ,80.00 ,22.900 ,0.150 ,54.101,0,0,81.2,0.0 ,11.4,10.00 ,3
8/1/11,565.149,177.500 ,4.000 ,0.00 ,80.00 ,22.900 ,0.150 ,54.101,0,0,81.2,0.0 ,11.4,10.00 ,3
7/1/11,548.149,177.500 ,4.000 ,0.00 ,80.00 ,22.900 ,0.150 ,54.101,0,0,81.2,0.0 ,11.4,10.00 ,3
6/1/11,579.149,177.500 ,4.000 ,0.00 ,80.00 ,22.900 ,0.150 ,54.101,0,0,81.2,0.0 ,11.4,10.00 ,3
5/1/11,581.149,177.500 ,4.000 ,0.00 ,80.00 ,22.900 ,0.150 ,54.101,0,0,81.2,0.0 ,11.4,10.00 ,3
4/1/11,552.149,177.500 ,4.000 ,0.00 ,80.00 ,22.900 ,0.150 ,54.101,0,0,81.2,0.0 ,11.4,10.00 ,3
3/1/11,522.949,167.5,4.000 ,0.00 ,72,15.5,0.150 ,54.101,0,0,81.2,0.0 ,11.4,10.00 ,3
2/1/11,479.949,167.5,4.000 ,0.00 ,72,15.5,0.150 ,54.101,0,0,81.2,0.0 ,11.4,10.00 ,3
1/1/11,453.949,167.5,4.000 ,0.00 ,72,15.5,0.150 ,54.101,0,0,81.2,0.0 ,11.4,10.00 ,3